-- Rocky music app — expanded royalty-free catalog (120 songs, 15 artists)
-- Run this in Supabase after 0011:  Dashboard → SQL Editor → paste → Run.
--
-- Mixed-genre catalog of non-original / royalty-free music. Audio reuses the
-- license-clear SoundHelix files already in the public 'audio' bucket, so every
-- track plays immediately with no extra upload. Cover art reuses album1–album6.
-- No copyrighted material is included.

insert into public.artists (name, cover_key) values
  ('Dusty Tapes', 'album1'),
  ('Midnight Study', 'album4'),
  ('Velvet Static', 'album1'),
  ('Aurelia Score', 'album5'),
  ('Northwind', 'album2'),
  ('Neon Circuit', 'album6'),
  ('Pulse Theory', 'album3'),
  ('Still Waters', 'album1'),
  ('Cloudline', 'album4'),
  ('Maple and Oak', 'album2'),
  ('River Session', 'album5'),
  ('Boom Bap Union', 'album3'),
  ('Corner Cypher', 'album6'),
  ('Blue Room Trio', 'album4'),
  ('Late Set', 'album1')
on conflict (name) do update set cover_key = excluded.cover_key;

insert into public.albums (title, artist, cover_key, tint) values
  ('Neon Skyline', 'Dusty Tapes', 'album2', 'from-purple-900'),
  ('Silver Embers', 'Dusty Tapes', 'album3', 'from-pink-900'),
  ('Wild Reverie', 'Midnight Study', 'album5', 'from-slate-800'),
  ('Sacred Lanterns', 'Midnight Study', 'album6', 'from-indigo-900'),
  ('Amber Rain', 'Velvet Static', 'album2', 'from-red-900'),
  ('Velvet Signal', 'Velvet Static', 'album3', 'from-sky-800'),
  ('Hidden Meadow', 'Aurelia Score', 'album6', 'from-emerald-900'),
  ('Quiet Mirage', 'Aurelia Score', 'album1', 'from-amber-900'),
  ('Faded Dreams', 'Northwind', 'album3', 'from-purple-900'),
  ('Northern Pulse', 'Northwind', 'album4', 'from-pink-900'),
  ('Golden Orbit', 'Neon Circuit', 'album1', 'from-slate-800'),
  ('Distant Glow', 'Neon Circuit', 'album2', 'from-indigo-900'),
  ('Broken Suburbs', 'Pulse Theory', 'album4', 'from-red-900'),
  ('Bright Echoes', 'Pulse Theory', 'album5', 'from-sky-800'),
  ('Slow Waves', 'Still Waters', 'album2', 'from-emerald-900'),
  ('Midnight Voltage', 'Still Waters', 'album3', 'from-amber-900'),
  ('Electric Static', 'Cloudline', 'album5', 'from-purple-900'),
  ('Endless Avenue', 'Cloudline', 'album6', 'from-pink-900'),
  ('Restless Harbor', 'Maple and Oak', 'album3', 'from-slate-800'),
  ('Paper Vapor', 'Maple and Oak', 'album4', 'from-indigo-900'),
  ('Crimson Currents', 'River Session', 'album6', 'from-red-900'),
  ('Frozen Motion', 'River Session', 'album1', 'from-sky-800'),
  ('Lonely Drift', 'Boom Bap Union', 'album4', 'from-emerald-900'),
  ('Hollow Tides', 'Boom Bap Union', 'album5', 'from-amber-900'),
  ('Neon Ashes', 'Corner Cypher', 'album1', 'from-purple-900'),
  ('Silver Circuit', 'Corner Cypher', 'album2', 'from-pink-900'),
  ('Wild Horizon', 'Blue Room Trio', 'album5', 'from-slate-800'),
  ('Sacred Shadows', 'Blue Room Trio', 'album6', 'from-indigo-900'),
  ('Amber Gardens', 'Late Set', 'album2', 'from-red-900'),
  ('Velvet Bloom', 'Late Set', 'album3', 'from-sky-800')
on conflict (title, artist) do update set cover_key = excluded.cover_key, tint = excluded.tint;

insert into public.songs (title, artist, album, duration, cover_key, audio_path) values
  ('Velvet Echoes', 'Dusty Tapes', 'Neon Skyline', '2:07', 'album2', 'aurora-wave/neon-peaks.mp3'),
  ('Golden Horizon', 'Dusty Tapes', 'Neon Skyline', '3:24', 'album2', 'aurora-wave/midnight-ridge.mp3'),
  ('Midnight Mirage', 'Dusty Tapes', 'Neon Skyline', '4:41', 'album2', 'palm-coast/sunset-drive.mp3'),
  ('Crimson Currents', 'Dusty Tapes', 'Neon Skyline', '5:58', 'album2', 'palm-coast/ocean-boulevard.mp3'),
  ('Hidden Waves', 'Dusty Tapes', 'Silver Embers', '2:15', 'album3', 'vera-lune/quiet-hours.mp3'),
  ('Distant Shadows', 'Dusty Tapes', 'Silver Embers', '3:32', 'album3', 'vera-lune/paper-moon.mp3'),
  ('Electric Dreams', 'Dusty Tapes', 'Silver Embers', '4:49', 'album3', 'nebula-9/cosmic-drift.mp3'),
  ('Frozen Motion', 'Dusty Tapes', 'Silver Embers', '5:06', 'album3', 'nebula-9/event-horizon.mp3'),
  ('Quiet Voltage', 'Midnight Study', 'Wild Reverie', '2:23', 'album5', 'block-party/concrete-kings.mp3'),
  ('Broken Gardens', 'Midnight Study', 'Wild Reverie', '3:40', 'album5', 'block-party/corner-store.mp3'),
  ('Endless Pulse', 'Midnight Study', 'Wild Reverie', '4:57', 'album5', 'june-bloom/cotton-sky.mp3'),
  ('Lonely Drift', 'Midnight Study', 'Wild Reverie', '5:14', 'album5', 'june-bloom/marshmallow-clouds.mp3'),
  ('Faded Static', 'Midnight Study', 'Sacred Lanterns', '2:31', 'album6', 'aurora-wave/neon-peaks.mp3'),
  ('Bright Bloom', 'Midnight Study', 'Sacred Lanterns', '3:48', 'album6', 'aurora-wave/midnight-ridge.mp3'),
  ('Restless Orbit', 'Midnight Study', 'Sacred Lanterns', '4:05', 'album6', 'palm-coast/sunset-drive.mp3'),
  ('Hollow Tides', 'Midnight Study', 'Sacred Lanterns', '5:22', 'album6', 'palm-coast/ocean-boulevard.mp3'),
  ('Northern Avenue', 'Velvet Static', 'Amber Rain', '2:39', 'album2', 'vera-lune/quiet-hours.mp3'),
  ('Slow Fever', 'Velvet Static', 'Amber Rain', '3:56', 'album2', 'vera-lune/paper-moon.mp3'),
  ('Paper Glow', 'Velvet Static', 'Amber Rain', '4:13', 'album2', 'nebula-9/cosmic-drift.mp3'),
  ('Neon Ashes', 'Velvet Static', 'Amber Rain', '5:30', 'album2', 'nebula-9/event-horizon.mp3'),
  ('Golden Harbor', 'Velvet Static', 'Velvet Signal', '2:47', 'album3', 'block-party/concrete-kings.mp3'),
  ('Midnight Nights', 'Velvet Static', 'Velvet Signal', '3:04', 'album3', 'block-party/corner-store.mp3'),
  ('Crimson Suburbs', 'Velvet Static', 'Velvet Signal', '4:21', 'album3', 'june-bloom/cotton-sky.mp3'),
  ('Silver Circuit', 'Velvet Static', 'Velvet Signal', '5:38', 'album3', 'june-bloom/marshmallow-clouds.mp3'),
  ('Distant Vapor', 'Aurelia Score', 'Hidden Meadow', '2:55', 'album6', 'aurora-wave/neon-peaks.mp3'),
  ('Electric Skyline', 'Aurelia Score', 'Hidden Meadow', '3:12', 'album6', 'aurora-wave/midnight-ridge.mp3'),
  ('Frozen Echoes', 'Aurelia Score', 'Hidden Meadow', '4:29', 'album6', 'palm-coast/sunset-drive.mp3'),
  ('Wild Horizon', 'Aurelia Score', 'Hidden Meadow', '5:46', 'album6', 'palm-coast/ocean-boulevard.mp3'),
  ('Broken Currents', 'Aurelia Score', 'Quiet Mirage', '2:03', 'album1', 'vera-lune/quiet-hours.mp3'),
  ('Endless Embers', 'Aurelia Score', 'Quiet Mirage', '3:20', 'album1', 'vera-lune/paper-moon.mp3'),
  ('Lonely Waves', 'Aurelia Score', 'Quiet Mirage', '4:37', 'album1', 'nebula-9/cosmic-drift.mp3'),
  ('Sacred Shadows', 'Aurelia Score', 'Quiet Mirage', '5:54', 'album1', 'nebula-9/event-horizon.mp3'),
  ('Bright Motion', 'Northwind', 'Faded Dreams', '2:11', 'album3', 'block-party/concrete-kings.mp3'),
  ('Restless Reverie', 'Northwind', 'Faded Dreams', '3:28', 'album3', 'block-party/corner-store.mp3'),
  ('Hollow Voltage', 'Northwind', 'Faded Dreams', '4:45', 'album3', 'june-bloom/cotton-sky.mp3'),
  ('Amber Gardens', 'Northwind', 'Faded Dreams', '5:02', 'album3', 'june-bloom/marshmallow-clouds.mp3'),
  ('Slow Drift', 'Northwind', 'Northern Pulse', '2:19', 'album4', 'aurora-wave/neon-peaks.mp3'),
  ('Paper Lanterns', 'Northwind', 'Northern Pulse', '3:36', 'album4', 'aurora-wave/midnight-ridge.mp3'),
  ('Neon Static', 'Northwind', 'Northern Pulse', '4:53', 'album4', 'palm-coast/sunset-drive.mp3'),
  ('Velvet Bloom', 'Northwind', 'Northern Pulse', '5:10', 'album4', 'palm-coast/ocean-boulevard.mp3'),
  ('Midnight Tides', 'Neon Circuit', 'Golden Orbit', '2:27', 'album1', 'vera-lune/quiet-hours.mp3'),
  ('Crimson Rain', 'Neon Circuit', 'Golden Orbit', '3:44', 'album1', 'vera-lune/paper-moon.mp3'),
  ('Silver Avenue', 'Neon Circuit', 'Golden Orbit', '4:01', 'album1', 'nebula-9/cosmic-drift.mp3'),
  ('Hidden Fever', 'Neon Circuit', 'Golden Orbit', '5:18', 'album1', 'nebula-9/event-horizon.mp3'),
  ('Electric Ashes', 'Neon Circuit', 'Distant Glow', '2:35', 'album2', 'block-party/concrete-kings.mp3'),
  ('Frozen Signal', 'Neon Circuit', 'Distant Glow', '3:52', 'album2', 'block-party/corner-store.mp3'),
  ('Wild Harbor', 'Neon Circuit', 'Distant Glow', '4:09', 'album2', 'june-bloom/cotton-sky.mp3'),
  ('Quiet Nights', 'Neon Circuit', 'Distant Glow', '5:26', 'album2', 'june-bloom/marshmallow-clouds.mp3'),
  ('Endless Circuit', 'Pulse Theory', 'Broken Suburbs', '2:43', 'album4', 'aurora-wave/neon-peaks.mp3'),
  ('Lonely Meadow', 'Pulse Theory', 'Broken Suburbs', '3:00', 'album4', 'aurora-wave/midnight-ridge.mp3'),
  ('Sacred Vapor', 'Pulse Theory', 'Broken Suburbs', '4:17', 'album4', 'palm-coast/sunset-drive.mp3'),
  ('Faded Skyline', 'Pulse Theory', 'Broken Suburbs', '5:34', 'album4', 'palm-coast/ocean-boulevard.mp3'),
  ('Restless Horizon', 'Pulse Theory', 'Bright Echoes', '2:51', 'album5', 'vera-lune/quiet-hours.mp3'),
  ('Hollow Mirage', 'Pulse Theory', 'Bright Echoes', '3:08', 'album5', 'vera-lune/paper-moon.mp3'),
  ('Amber Currents', 'Pulse Theory', 'Bright Echoes', '4:25', 'album5', 'nebula-9/cosmic-drift.mp3'),
  ('Northern Embers', 'Pulse Theory', 'Bright Echoes', '5:42', 'album5', 'nebula-9/event-horizon.mp3'),
  ('Paper Shadows', 'Still Waters', 'Slow Waves', '2:59', 'album2', 'block-party/concrete-kings.mp3'),
  ('Neon Dreams', 'Still Waters', 'Slow Waves', '3:16', 'album2', 'block-party/corner-store.mp3'),
  ('Velvet Motion', 'Still Waters', 'Slow Waves', '4:33', 'album2', 'june-bloom/cotton-sky.mp3'),
  ('Golden Reverie', 'Still Waters', 'Slow Waves', '5:50', 'album2', 'june-bloom/marshmallow-clouds.mp3'),
  ('Crimson Gardens', 'Still Waters', 'Midnight Voltage', '2:07', 'album3', 'aurora-wave/neon-peaks.mp3'),
  ('Silver Pulse', 'Still Waters', 'Midnight Voltage', '3:24', 'album3', 'aurora-wave/midnight-ridge.mp3'),
  ('Hidden Drift', 'Still Waters', 'Midnight Voltage', '4:41', 'album3', 'palm-coast/sunset-drive.mp3'),
  ('Distant Lanterns', 'Still Waters', 'Midnight Voltage', '5:58', 'album3', 'palm-coast/ocean-boulevard.mp3'),
  ('Frozen Bloom', 'Cloudline', 'Electric Static', '2:15', 'album5', 'vera-lune/quiet-hours.mp3'),
  ('Wild Orbit', 'Cloudline', 'Electric Static', '3:32', 'album5', 'vera-lune/paper-moon.mp3'),
  ('Quiet Tides', 'Cloudline', 'Electric Static', '4:49', 'album5', 'nebula-9/cosmic-drift.mp3'),
  ('Broken Rain', 'Cloudline', 'Electric Static', '5:06', 'album5', 'nebula-9/event-horizon.mp3'),
  ('Lonely Fever', 'Cloudline', 'Endless Avenue', '2:23', 'album6', 'block-party/concrete-kings.mp3'),
  ('Sacred Glow', 'Cloudline', 'Endless Avenue', '3:40', 'album6', 'block-party/corner-store.mp3'),
  ('Faded Ashes', 'Cloudline', 'Endless Avenue', '4:57', 'album6', 'june-bloom/cotton-sky.mp3'),
  ('Bright Signal', 'Cloudline', 'Endless Avenue', '5:14', 'album6', 'june-bloom/marshmallow-clouds.mp3'),
  ('Hollow Nights', 'Maple and Oak', 'Restless Harbor', '2:31', 'album3', 'aurora-wave/neon-peaks.mp3'),
  ('Amber Suburbs', 'Maple and Oak', 'Restless Harbor', '3:48', 'album3', 'aurora-wave/midnight-ridge.mp3'),
  ('Northern Circuit', 'Maple and Oak', 'Restless Harbor', '4:05', 'album3', 'palm-coast/sunset-drive.mp3'),
  ('Slow Meadow', 'Maple and Oak', 'Restless Harbor', '5:22', 'album3', 'palm-coast/ocean-boulevard.mp3'),
  ('Neon Skyline', 'Maple and Oak', 'Paper Vapor', '2:39', 'album4', 'vera-lune/quiet-hours.mp3'),
  ('Velvet Echoes', 'Maple and Oak', 'Paper Vapor', '3:56', 'album4', 'vera-lune/paper-moon.mp3'),
  ('Golden Horizon', 'Maple and Oak', 'Paper Vapor', '4:13', 'album4', 'nebula-9/cosmic-drift.mp3'),
  ('Midnight Mirage', 'Maple and Oak', 'Paper Vapor', '5:30', 'album4', 'nebula-9/event-horizon.mp3'),
  ('Silver Embers', 'River Session', 'Crimson Currents', '2:47', 'album6', 'block-party/concrete-kings.mp3'),
  ('Hidden Waves', 'River Session', 'Crimson Currents', '3:04', 'album6', 'block-party/corner-store.mp3'),
  ('Distant Shadows', 'River Session', 'Crimson Currents', '4:21', 'album6', 'june-bloom/cotton-sky.mp3'),
  ('Electric Dreams', 'River Session', 'Crimson Currents', '5:38', 'album6', 'june-bloom/marshmallow-clouds.mp3'),
  ('Wild Reverie', 'River Session', 'Frozen Motion', '2:55', 'album1', 'aurora-wave/neon-peaks.mp3'),
  ('Quiet Voltage', 'River Session', 'Frozen Motion', '3:12', 'album1', 'aurora-wave/midnight-ridge.mp3'),
  ('Broken Gardens', 'River Session', 'Frozen Motion', '4:29', 'album1', 'palm-coast/sunset-drive.mp3'),
  ('Endless Pulse', 'River Session', 'Frozen Motion', '5:46', 'album1', 'palm-coast/ocean-boulevard.mp3'),
  ('Sacred Lanterns', 'Boom Bap Union', 'Lonely Drift', '2:03', 'album4', 'vera-lune/quiet-hours.mp3'),
  ('Faded Static', 'Boom Bap Union', 'Lonely Drift', '3:20', 'album4', 'vera-lune/paper-moon.mp3'),
  ('Bright Bloom', 'Boom Bap Union', 'Lonely Drift', '4:37', 'album4', 'nebula-9/cosmic-drift.mp3'),
  ('Restless Orbit', 'Boom Bap Union', 'Lonely Drift', '5:54', 'album4', 'nebula-9/event-horizon.mp3'),
  ('Amber Rain', 'Boom Bap Union', 'Hollow Tides', '2:11', 'album5', 'block-party/concrete-kings.mp3'),
  ('Northern Avenue', 'Boom Bap Union', 'Hollow Tides', '3:28', 'album5', 'block-party/corner-store.mp3'),
  ('Slow Fever', 'Boom Bap Union', 'Hollow Tides', '4:45', 'album5', 'june-bloom/cotton-sky.mp3'),
  ('Paper Glow', 'Boom Bap Union', 'Hollow Tides', '5:02', 'album5', 'june-bloom/marshmallow-clouds.mp3'),
  ('Velvet Signal', 'Corner Cypher', 'Neon Ashes', '2:19', 'album1', 'aurora-wave/neon-peaks.mp3'),
  ('Golden Harbor', 'Corner Cypher', 'Neon Ashes', '3:36', 'album1', 'aurora-wave/midnight-ridge.mp3'),
  ('Midnight Nights', 'Corner Cypher', 'Neon Ashes', '4:53', 'album1', 'palm-coast/sunset-drive.mp3'),
  ('Crimson Suburbs', 'Corner Cypher', 'Neon Ashes', '5:10', 'album1', 'palm-coast/ocean-boulevard.mp3'),
  ('Hidden Meadow', 'Corner Cypher', 'Silver Circuit', '2:27', 'album2', 'vera-lune/quiet-hours.mp3'),
  ('Distant Vapor', 'Corner Cypher', 'Silver Circuit', '3:44', 'album2', 'vera-lune/paper-moon.mp3'),
  ('Electric Skyline', 'Corner Cypher', 'Silver Circuit', '4:01', 'album2', 'nebula-9/cosmic-drift.mp3'),
  ('Frozen Echoes', 'Corner Cypher', 'Silver Circuit', '5:18', 'album2', 'nebula-9/event-horizon.mp3'),
  ('Quiet Mirage', 'Blue Room Trio', 'Wild Horizon', '2:35', 'album5', 'block-party/concrete-kings.mp3'),
  ('Broken Currents', 'Blue Room Trio', 'Wild Horizon', '3:52', 'album5', 'block-party/corner-store.mp3'),
  ('Endless Embers', 'Blue Room Trio', 'Wild Horizon', '4:09', 'album5', 'june-bloom/cotton-sky.mp3'),
  ('Lonely Waves', 'Blue Room Trio', 'Wild Horizon', '5:26', 'album5', 'june-bloom/marshmallow-clouds.mp3'),
  ('Faded Dreams', 'Blue Room Trio', 'Sacred Shadows', '2:43', 'album6', 'aurora-wave/neon-peaks.mp3'),
  ('Bright Motion', 'Blue Room Trio', 'Sacred Shadows', '3:00', 'album6', 'aurora-wave/midnight-ridge.mp3'),
  ('Restless Reverie', 'Blue Room Trio', 'Sacred Shadows', '4:17', 'album6', 'palm-coast/sunset-drive.mp3'),
  ('Hollow Voltage', 'Blue Room Trio', 'Sacred Shadows', '5:34', 'album6', 'palm-coast/ocean-boulevard.mp3'),
  ('Northern Pulse', 'Late Set', 'Amber Gardens', '2:51', 'album2', 'vera-lune/quiet-hours.mp3'),
  ('Slow Drift', 'Late Set', 'Amber Gardens', '3:08', 'album2', 'vera-lune/paper-moon.mp3'),
  ('Paper Lanterns', 'Late Set', 'Amber Gardens', '4:25', 'album2', 'nebula-9/cosmic-drift.mp3'),
  ('Neon Static', 'Late Set', 'Amber Gardens', '5:42', 'album2', 'nebula-9/event-horizon.mp3'),
  ('Golden Orbit', 'Late Set', 'Velvet Bloom', '2:59', 'album3', 'block-party/concrete-kings.mp3'),
  ('Midnight Tides', 'Late Set', 'Velvet Bloom', '3:16', 'album3', 'block-party/corner-store.mp3'),
  ('Crimson Rain', 'Late Set', 'Velvet Bloom', '4:33', 'album3', 'june-bloom/cotton-sky.mp3'),
  ('Silver Avenue', 'Late Set', 'Velvet Bloom', '5:50', 'album3', 'june-bloom/marshmallow-clouds.mp3')
on conflict (title, artist) do update
  set album = excluded.album, duration = excluded.duration,
      cover_key = excluded.cover_key, audio_path = excluded.audio_path;

insert into public.playlists (name, sub, cover_key, artist) values
  ('Best of Lo-Fi', 'Lo-Fi picks, updated weekly', 'album4', null),
  ('Best of Cinematic', 'Cinematic picks, updated weekly', 'album5', null),
  ('Best of Electronic', 'Electronic picks, updated weekly', 'album6', null),
  ('Best of Ambient', 'Ambient picks, updated weekly', 'album1', null),
  ('Best of Acoustic', 'Acoustic picks, updated weekly', 'album2', null),
  ('Best of Hip-Hop', 'Hip-Hop picks, updated weekly', 'album3', null),
  ('Best of Jazz', 'Jazz picks, updated weekly', 'album4', null)
on conflict (name) do update set sub = excluded.sub, cover_key = excluded.cover_key;
